overall,round,slot,team,player,pos,nfl,bye,proj,adp
1,1,1,AI,Jahmyr Gibbs,RB,DET,6,364.9,1.5
2,1,2,Minnesota Mommies,Bijan Robinson,RB,ATL,11,352.8,2.3
3,1,3,Golden Brown Gibbs,Jaxon Smith-Njigba,WR,SEA,11,326.7,5.5
4,1,4,Lights Kamara Action,Ja'Marr Chase,WR,CIN,6,337.5,3.9
5,1,5,Brock Hard,Puka Nacua,WR,LAR,11,356.3,3.0
6,1,6,Worthy of Your Mom,Christian McCaffrey,RB,SF,8,342.8,6.6
7,1,7,Mike (sea)Hawk,Jonathan Taylor,RB,IND,13,316.5,7.5
8,1,8,Tractorcito Supply,Amon-Ra St. Brown,WR,DET,6,324.0,6.5
9,2,8,Tractorcito Supply,CeeDee Lamb,WR,DAL,14,293.7,10.6
10,2,7,Mike (sea)Hawk,Justin Jefferson,WR,MIN,6,293.7,11.8
11,2,6,Worthy of Your Mom,De'Von Achane,RB,MIA,6,293.4,10.4
12,2,5,Brock Hard,James Cook III,RB,BUF,7,279.6,12.6
13,2,4,Lights Kamara Action,Derrick Henry,RB,BAL,13,274.7,16.9
14,2,3,Golden Brown Gibbs,Omarion Hampton,RB,LAC,7,261.7,22.8
15,2,2,Minnesota Mommies,Chase Brown,RB,CIN,6,272.1,13.1
16,2,1,AI,Drake London,WR,ATL,11,269.8,11.0
17,3,1,AI,A.J. Brown,WR,NE,11,248.8,17.6
18,3,2,Minnesota Mommies,Saquon Barkley,RB,PHI,10,273.6,19.1
19,3,3,Golden Brown Gibbs,Chris Olave,WR,NO,8,250.4,19.0
20,3,4,Lights Kamara Action,Nico Collins,WR,HOU,8,248.3,20.9
21,3,5,Brock Hard,Ashton Jeanty,RB,LV,13,280.8,19.0
22,3,6,Worthy of Your Mom,Rashee Rice,WR,KC,5,260.5,15.3
23,3,7,Mike (sea)Hawk,Brock Bowers,TE,LV,13,240.9,35.2
24,3,8,Tractorcito Supply,Trey McBride,TE,ARI,14,241.9,29.1
25,4,8,Tractorcito Supply,Kenneth Walker,RB,KC,5,274.2,21.2
26,4,7,Mike (sea)Hawk,Josh Allen,QB,BUF,7,369.7,34.1
27,4,6,Worthy of Your Mom,Lamar Jackson,QB,BAL,13,322.9,56.7
28,4,5,Brock Hard,Malik Nabers,WR,NYG,8,245.7,27.0
29,4,4,Lights Kamara Action,Javonte Williams,RB,DAL,14,259.7,37.1
30,4,3,Golden Brown Gibbs,George Pickens,WR,DAL,14,238.6,20.8
31,4,2,Minnesota Mommies,Jeremiyah Love,RB,ARI,14,278.5,27.1
32,4,1,AI,Breece Hall,RB,NYJ,13,274.0,33.7
33,5,1,AI,Travis Etienne Jr.,RB,NO,8,246.1,37.0
34,5,2,Minnesota Mommies,Garrett Wilson,WR,NYJ,13,249.4,26.2
35,5,3,Golden Brown Gibbs,Kyren Williams,RB,LAR,11,232.1,31.7
36,5,4,Lights Kamara Action,Quinshon Judkins,RB,CLE,11,227.4,50.5
37,5,5,Brock Hard,Tetairoa McMillan,WR,CAR,5,236.5,30.9
38,5,6,Worthy of Your Mom,DeVonta Smith,WR,PHI,10,239.2,29.8
39,5,7,Mike (sea)Hawk,Ladd McConkey,WR,LAC,7,221.0,38.0
40,5,8,Tractorcito Supply,Zay Flowers,WR,BAL,13,238.8,26.5
41,6,8,Tractorcito Supply,Cam Skattebo,RB,NYG,8,227.1,38.9
42,6,7,Mike (sea)Hawk,Emeka Egbuka,WR,TB,10,229.0,34.8
43,6,6,Worthy of Your Mom,Tyler Warren,TE,IND,13,210.9,65.4
44,6,5,Brock Hard,Colston Loveland,TE,CHI,10,205.9,56.5
45,6,4,Lights Kamara Action,D'Andre Swift,RB,CHI,10,211.7,45.3
46,6,3,Golden Brown Gibbs,Jaylen Waddle,WR,DEN,10,213.3,45.5
47,6,2,Minnesota Mommies,Tee Higgins,WR,CIN,6,219.3,37.1
48,6,1,AI,Jayden Daniels,QB,WAS,7,318.4,71.4
49,7,1,AI,Marvin Harrison Jr.,WR,ARI,14,193.8,64.6
50,7,2,Minnesota Mommies,Drake Maye,QB,NE,11,319.4,51.5
51,7,3,Golden Brown Gibbs,Bhayshul Tuten,RB,JAX,7,205.3,52.4
52,7,4,Lights Kamara Action,Terry McLaurin,WR,WAS,7,218.7,47.7
53,7,5,Brock Hard,Bucky Irving,RB,TB,10,207.1,45.1
54,7,6,Worthy of Your Mom,Davante Adams,WR,LAR,11,232.3,42.4
55,7,7,Mike (sea)Hawk,Josh Jacobs,RB,GB,11,259.1,31.2
56,7,8,Tractorcito Supply,Luther Burden III,WR,CHI,10,205.9,55.6
57,8,8,Tractorcito Supply,David Montgomery,RB,HOU,8,192.6,57.8
58,8,7,Mike (sea)Hawk,Jameson Williams,WR,DET,6,208.4,44.9
59,8,6,Worthy of Your Mom,DJ Moore,WR,BUF,7,209.5,48.2
60,8,5,Brock Hard,Rome Odunze,WR,CHI,10,212.6,53.8
61,8,4,Lights Kamara Action,Carnell Tate,WR,TEN,9,202.4,79.8
62,8,3,Golden Brown Gibbs,Jadarian Price,RB,SEA,11,194.1,73.9
63,8,2,Minnesota Mommies,Harold Fannin Jr.,TE,CLE,11,189.2,77.7
64,8,1,AI,Tony Pollard,RB,TEN,9,185.8,69.5
65,9,1,AI,Kyle Pitts Sr.,TE,ATL,11,185.1,76.0
66,9,2,Minnesota Mommies,TreVeyon Henderson,RB,NE,11,197.4,64.1
67,9,3,Golden Brown Gibbs,Joe Burrow,QB,CIN,6,304.8,57.6
68,9,4,Lights Kamara Action,Jalen Hurts,QB,PHI,10,320.3,77.8
69,9,5,Brock Hard,Dak Prescott,QB,DAL,14,286.9,65.8
70,9,6,Worthy of Your Mom,Rhamondre Stevenson,RB,NE,11,202.9,62.6
71,9,7,Mike (sea)Hawk,Parker Washington,WR,JAX,7,187.3,64.1
72,9,8,Tractorcito Supply,Mike Evans,WR,SF,8,180.9,55.2
73,10,8,Tractorcito Supply,Michael Pittman Jr.,WR,PIT,9,197.3,75.4
74,10,7,Mike (sea)Hawk,Jaylen Warren,RB,PIT,9,191.7,60.8
75,10,6,Worthy of Your Mom,Courtland Sutton,WR,DEN,10,204.4,60.6
76,10,5,Brock Hard,Christian Watson,WR,GB,11,185.1,59.1
77,10,4,Lights Kamara Action,Sam LaPorta,TE,DET,6,188.6,117.9
78,10,3,Golden Brown Gibbs,DK Metcalf,WR,PIT,9,195.9,65.1
79,10,2,Minnesota Mommies,Kenny Gainwell,RB,TB,10,177.8,91.2
80,10,1,AI,Rico Dowdle,RB,PIT,9,186.1,74.9
81,11,1,AI,Jonathon Brooks,RB,CAR,5,170.8,92.5
82,11,2,Minnesota Mommies,Michael Wilson,WR,ARI,14,176.5,75.6
83,11,3,Golden Brown Gibbs,RJ Harvey,RB,DEN,10,149.5,93.4
84,11,4,Lights Kamara Action,Patrick Mahomes,QB,KC,5,291.3,102.3
85,11,5,Brock Hard,Justin Herbert,QB,LAC,7,283.6,105.0
86,11,6,Worthy of Your Mom,Chuba Hubbard,RB,CAR,5,172.9,81.4
87,11,7,Mike (sea)Hawk,Wan'Dale Robinson,WR,TEN,9,175.0,86.4
88,11,8,Tractorcito Supply,Jordan Mason,RB,MIN,6,150.5,115.9
89,12,8,Tractorcito Supply,Caleb Williams,QB,CHI,10,281.7,90.5
90,12,7,Mike (sea)Hawk,Matthew Golden,WR,GB,11,185.0,107.8
91,12,6,Worthy of Your Mom,Alec Pierce,WR,IND,13,186.7,69.8
92,12,5,Brock Hard,Brian Thomas Jr.,WR,JAX,7,176.6,73.0
93,12,4,Lights Kamara Action,George Kittle,TE,SF,8,188.9,105.4
94,12,3,Golden Brown Gibbs,Trevor Lawrence,QB,JAX,7,288.3,91.2
95,12,2,Minnesota Mommies,Stefon Diggs,WR,WAS,7,164.0,91.6
96,12,1,AI,Josh Downs,WR,IND,13,157.7,88.9
97,13,1,AI,Xavier Worthy,WR,KC,5,173.7,105.6
98,13,2,Minnesota Mommies,Jaxson Dart,QB,NYG,8,299.8,117.6
99,13,3,Golden Brown Gibbs,Tucker Kraft,TE,GB,11,180.7,100.4
100,13,4,Lights Kamara Action,Kyle Monangai,RB,CHI,10,176.2,110.2
101,13,5,Brock Hard,Blake Corum,RB,LAR,11,159.4,122.5
102,13,6,Worthy of Your Mom,J.K. Dobbins,RB,DEN,10,175.0,86.9
103,13,7,Mike (sea)Hawk,Quentin Johnston,WR,LAC,7,165.4,97.6
104,13,8,Tractorcito Supply,Makai Lemon,WR,PHI,10,154.6,118.7
105,14,8,Tractorcito Supply,Jacory Croskey-Merritt,RB,WAS,7,159.5,114.5
106,14,7,Mike (sea)Hawk,Aaron Jones Sr.,RB,MIN,6,177.0,104.6
107,14,6,Worthy of Your Mom,Jakobi Meyers,WR,JAX,7,182.0,86.2
108,14,5,Brock Hard,Isaiah Likely,TE,NYG,8,155.5,136.4
109,14,4,Lights Kamara Action,Jordan Addison,WR,MIN,6,170.5,97.1
110,14,3,Golden Brown Gibbs,Brandon Aubrey,K,DAL,14,171.7,127.5
111,14,2,Minnesota Mommies,Travis Hunter,WR,JAX,7,113.1,163.8
112,14,1,AI,Jauan Jennings,WR,MIN,6,114.6,147.8
113,15,1,AI,Rachaad White,RB,WAS,7,164.7,114.7
114,15,2,Minnesota Mommies,Chris Godwin Jr.,WR,TB,10,157.4,79.6
115,15,3,Golden Brown Gibbs,Houston Defense,DEF,HOU,8,130.3,98.1
116,15,4,Lights Kamara Action,LA Rams Defense,DEF,LAR,11,121.9,109.1
117,15,5,Brock Hard,Dalton Kincaid,TE,BUF,7,155.4,148.3
118,15,6,Worthy of Your Mom,Matthew Stafford,QB,LAR,11,293.2,76.4
119,15,7,Mike (sea)Hawk,Seattle Defense,DEF,SEA,11,122.3,82.1
120,15,8,Tractorcito Supply,Denver Defense,DEF,DEN,10,130.6,87.3
121,16,8,Tractorcito Supply,Cameron Dicker,K,LAC,7,161.9,140.8
122,16,7,Mike (sea)Hawk,Cam Little,K,JAX,7,146.9,152.7
123,16,6,Worthy of Your Mom,Pittsburgh Defense,DEF,PIT,9,122.7,134.4
124,16,5,Brock Hard,Jason Myers,K,SEA,11,158.5,136.4
125,16,4,Lights Kamara Action,Ka'imi Fairbairn,K,HOU,8,157.9,136.1
126,16,3,Golden Brown Gibbs,Romeo Doubs,WR,NE,11,150.4,113.0
127,16,2,Minnesota Mommies,Eddy Piñeiro,K,SF,8,155.3,166.2
128,16,1,AI,LA Chargers Defense,DEF,LAC,7,94.8,139.8
129,17,1,AI,Harrison Mevis,K,LAR,11,159.5,147.8
130,17,2,Minnesota Mommies,Baltimore Defense,DEF,BAL,13,120.0,165.7
131,17,3,Golden Brown Gibbs,Zach Charbonnet,RB,SEA,11,134.0,132.3
132,17,4,Lights Kamara Action,Tyjae Spears,RB,TEN,9,154.5,129.6
133,17,5,Brock Hard,Philadelphia Defense,DEF,PHI,10,106.7,139.2
134,17,6,Worthy of Your Mom,Harrison Butker,K,KC,5,148.8,162.4
135,17,7,Mike (sea)Hawk,Woody Marks,RB,HOU,8,127.7,139.5
136,17,8,Tractorcito Supply,MarShawn Lloyd,RB,GB,11,86.3,150.4
